minute_of_day,time,dry_median_m3s,dry_upper_m3s
0,00:00,1.238816667,2.029116667
1,00:01,1.237216667,2.012283333
2,00:02,1.229016667,2.002966667
3,00:03,1.225850000,1.991750000
4,00:04,1.221133333,1.984333333
5,00:05,1.218416667,1.978300000
6,00:06,1.216800000,1.978616667
7,00:07,1.213166667,1.978600000
8,00:08,1.208650000,1.969366667
9,00:09,1.207150000,1.943400000
10,00:10,1.202633333,1.931400000
11,00:11,1.200850000,1.925733333
12,00:12,1.198166667,1.919700000
13,00:13,1.196066667,1.915883333
14,00:14,1.190250000,1.910100000
15,00:15,1.186916667,1.915000000
16,00:16,1.183066667,1.896216667
17,00:17,1.178933333,1.883250000
18,00:18,1.175750000,1.867633333
19,00:19,1.173516667,1.863766667
20,00:20,1.171700000,1.858600000
21,00:21,1.168800000,1.851033333
22,00:22,1.164866667,1.849150000
23,00:23,1.160433333,1.845133333
24,00:24,1.158533333,1.843566667
25,00:25,1.155766667,1.841666667
26,00:26,1.148900000,1.836633333
27,00:27,1.140550000,1.822950000
28,00:28,1.136433333,1.809033333
29,00:29,1.132683333,1.803083333
30,00:30,1.131950000,1.794866667
31,00:31,1.127433333,1.791250000
32,00:32,1.120783333,1.789850000
33,00:33,1.116600000,1.787250000
34,00:34,1.114583333,1.785033333
35,00:35,1.110466667,1.774600000
36,00:36,1.106066667,1.766850000
37,00:37,1.101733333,1.751483333
38,00:38,1.099316667,1.744316667
39,00:39,1.095100000,1.736116667
40,00:40,1.092133333,1.725350000
41,00:41,1.087166667,1.712750000
42,00:42,1.082933333,1.702616667
43,00:43,1.078833333,1.696050000
44,00:44,1.076833333,1.688500000
45,00:45,1.071900000,1.682100000
46,00:46,1.067183333,1.675850000
47,00:47,1.067550000,1.670566667
48,00:48,1.063966667,1.662966667
49,00:49,1.059833333,1.656216667
50,00:50,1.056566667,1.650783333
51,00:51,1.051683333,1.645200000
52,00:52,1.049833333,1.640100000
53,00:53,1.045183333,1.632750000
54,00:54,1.041833333,1.628216667
55,00:55,1.039866667,1.627833333
56,00:56,1.039183333,1.626933333
57,00:57,1.036933333,1.624700000
58,00:58,1.033233333,1.618983333
59,00:59,1.026966667,1.610883333
60,01:00,1.020400000,1.603583333
61,01:01,1.017383333,1.594450000
62,01:02,1.013783333,1.589700000
63,01:03,1.012116667,1.589550000
64,01:04,1.010083333,1.586783333
65,01:05,1.008116667,1.584100000
66,01:06,1.006600000,1.583600000
67,01:07,1.003516667,1.583050000
68,01:08,1.001283333,1.580116667
69,01:09,0.998516667,1.565166667
70,01:10,0.995183333,1.555333333
71,01:11,0.990116667,1.548816667
72,01:12,0.985283333,1.541416667
73,01:13,0.983550000,1.539216667
74,01:14,0.981733333,1.531666667
75,01:15,0.978733333,1.525166667
76,01:16,0.975883333,1.521983333
77,01:17,0.974350000,1.518483333
78,01:18,0.973433333,1.515516667
79,01:19,0.968716667,1.512216667
80,01:20,0.961900000,1.509800000
81,01:21,0.955900000,1.509650000
82,01:22,0.953383333,1.504400000
83,01:23,0.951550000,1.492050000
84,01:24,0.948833333,1.479950000
85,01:25,0.943483333,1.472383333
86,01:26,0.940400000,1.470750000
87,01:27,0.937300000,1.466033333
88,01:28,0.934050000,1.456783333
89,01:29,0.930866667,1.447066667
90,01:30,0.928316667,1.443766667
91,01:31,0.925133333,1.435816667
92,01:32,0.923783333,1.434083333
93,01:33,0.922800000,1.430933333
94,01:34,0.917983333,1.425733333
95,01:35,0.915800000,1.419683333
96,01:36,0.912616667,1.417166667
97,01:37,0.910666667,1.416616667
98,01:38,0.909800000,1.416616667
99,01:39,0.906383333,1.411266667
100,01:40,0.901183333,1.404016667
101,01:41,0.898783333,1.400233333
102,01:42,0.899100000,1.397483333
103,01:43,0.896316667,1.391100000
104,01:44,0.891800000,1.377516667
105,01:45,0.890833333,1.369316667
106,01:46,0.887516667,1.366666667
107,01:47,0.883766667,1.362350000
108,01:48,0.882566667,1.356200000
109,01:49,0.879450000,1.355000000
110,01:50,0.878250000,1.352533333
111,01:51,0.875233333,1.349300000
112,01:52,0.873533333,1.339650000
113,01:53,0.868450000,1.337900000
114,01:54,0.865650000,1.336433333
115,01:55,0.865866667,1.337050000
116,01:56,0.864416667,1.335233333
117,01:57,0.863350000,1.325916667
118,01:58,0.863050000,1.323150000
119,01:59,0.858316667,1.315950000
120,02:00,0.856633333,1.311700000
121,02:01,0.854766667,1.294133333
122,02:02,0.851450000,1.283233333
123,02:03,0.848650000,1.276016667
124,02:04,0.846366667,1.272283333
125,02:05,0.843333333,1.264366667
126,02:06,0.839150000,1.266400000
127,02:07,0.836650000,1.265483333
128,02:08,0.834850000,1.261516667
129,02:09,0.834016667,1.254333333
130,02:10,0.831816667,1.243016667
131,02:11,0.827733333,1.240083333
132,02:12,0.825266667,1.237233333
133,02:13,0.824000000,1.237016667
134,02:14,0.822600000,1.219883333
135,02:15,0.820766667,1.219683333
136,02:16,0.817883333,1.210916667
137,02:17,0.813066667,1.206550000
138,02:18,0.811200000,1.195333333
139,02:19,0.808550000,1.190866667
140,02:20,0.804900000,1.181166667
141,02:21,0.800683333,1.173183333
142,02:22,0.798933333,1.171016667
143,02:23,0.794800000,1.168116667
144,02:24,0.790966667,1.165683333
145,02:25,0.788250000,1.165283333
146,02:26,0.786150000,1.162466667
147,02:27,0.782233333,1.150083333
148,02:28,0.780066667,1.146733333
149,02:29,0.779033333,1.144783333
150,02:30,0.778733333,1.143466667
151,02:31,0.775433333,1.142700000
152,02:32,0.774850000,1.139583333
153,02:33,0.774933333,1.142300000
154,02:34,0.773950000,1.136016667
155,02:35,0.772533333,1.129600000
156,02:36,0.768700000,1.125933333
157,02:37,0.767350000,1.122050000
158,02:38,0.764950000,1.119950000
159,02:39,0.763400000,1.119216667
160,02:40,0.758583333,1.116333333
161,02:41,0.760150000,1.106216667
162,02:42,0.757366667,1.096966667
163,02:43,0.756600000,1.095366667
164,02:44,0.754100000,1.087033333
165,02:45,0.752416667,1.082083333
166,02:46,0.752450000,1.079300000
167,02:47,0.750850000,1.075216667
168,02:48,0.749100000,1.073216667
169,02:49,0.749100000,1.072583333
170,02:50,0.748016667,1.071450000
171,02:51,0.746883333,1.069516667
172,02:52,0.747766667,1.066300000
173,02:53,0.746050000,1.059616667
174,02:54,0.745433333,1.046616667
175,02:55,0.745200000,1.045633333
176,02:56,0.743200000,1.048350000
177,02:57,0.742400000,1.044200000
178,02:58,0.741750000,1.042833333
179,02:59,0.741016667,1.041433333
180,03:00,0.740016667,1.039516667
181,03:01,0.738916667,1.039100000
182,03:02,0.738500000,1.038300000
183,03:03,0.734866667,1.034833333
184,03:04,0.733100000,1.029200000
185,03:05,0.733100000,1.023650000
186,03:06,0.732983333,1.021950000
187,03:07,0.731183333,1.018283333
188,03:08,0.732783333,1.023333333
189,03:09,0.730000000,1.023066667
190,03:10,0.729983333,1.020800000
191,03:11,0.730216667,1.021683333
192,03:12,0.726716667,1.019866667
193,03:13,0.727966667,1.020783333
194,03:14,0.725666667,1.024233333
195,03:15,0.723366667,1.022033333
196,03:16,0.722300000,1.017916667
197,03:17,0.721850000,1.015200000
198,03:18,0.719883333,1.013483333
199,03:19,0.719883333,1.009850000
200,03:20,0.717400000,1.001266667
201,03:21,0.713900000,0.996983333
202,03:22,0.712033333,0.994033333
203,03:23,0.710133333,0.990816667
204,03:24,0.710000000,0.984250000
205,03:25,0.709800000,0.982583333
206,03:26,0.709550000,0.979216667
207,03:27,0.706683333,0.977133333
208,03:28,0.706433333,0.974616667
209,03:29,0.708133333,0.970416667
210,03:30,0.705650000,0.970766667
211,03:31,0.704716667,0.968050000
212,03:32,0.705566667,0.967816667
213,03:33,0.704433333,0.967750000
214,03:34,0.704516667,0.964816667
215,03:35,0.703483333,0.965283333
216,03:36,0.703000000,0.965033333
217,03:37,0.702266667,0.963066667
218,03:38,0.700383333,0.959766667
219,03:39,0.701666667,0.958400000
220,03:40,0.700766667,0.954983333
221,03:41,0.698583333,0.951933333
222,03:42,0.699233333,0.949600000
223,03:43,0.697333333,0.947450000
224,03:44,0.696183333,0.944333333
225,03:45,0.696516667,0.947016667
226,03:46,0.695200000,0.944650000
227,03:47,0.693600000,0.945216667
228,03:48,0.693650000,0.945816667
229,03:49,0.693533333,0.938233333
230,03:50,0.695400000,0.938000000
231,03:51,0.693533333,0.935233333
232,03:52,0.694483333,0.933600000
233,03:53,0.694350000,0.935766667
234,03:54,0.694933333,0.932100000
235,03:55,0.694016667,0.932650000
236,03:56,0.691250000,0.933366667
237,03:57,0.693666667,0.933700000
238,03:58,0.691233333,0.932333333
239,03:59,0.692200000,0.930616667
240,04:00,0.691233333,0.927000000
241,04:01,0.690283333,0.913216667
242,04:02,0.690783333,0.910750000
243,04:03,0.691433333,0.910533333
244,04:04,0.691883333,0.909416667
245,04:05,0.691883333,0.906300000
246,04:06,0.690866667,0.906750000
247,04:07,0.688916667,0.908500000
248,04:08,0.686750000,0.905933333
249,04:09,0.686750000,0.905750000
250,04:10,0.686750000,0.906466667
251,04:11,0.685283333,0.910133333
252,04:12,0.687266667,0.909783333
253,04:13,0.687266667,0.904483333
254,04:14,0.685600000,0.901833333
255,04:15,0.684250000,0.906350000
256,04:16,0.682933333,0.900316667
257,04:17,0.682783333,0.902833333
258,04:18,0.682366667,0.899166667
259,04:19,0.682783333,0.898800000
260,04:20,0.683783333,0.908883333
261,04:21,0.681566667,0.910150000
262,04:22,0.682533333,0.909316667
263,04:23,0.682700000,0.904850000
264,04:24,0.682250000,0.903533333
265,04:25,0.679566667,0.904850000
266,04:26,0.681616667,0.907833333
267,04:27,0.680616667,0.910283333
268,04:28,0.681500000,0.907383333
269,04:29,0.680233333,0.906683333
270,04:30,0.679933333,0.904516667
271,04:31,0.675716667,0.904533333
272,04:32,0.677233333,0.901200000
273,04:33,0.672266667,0.897366667
274,04:34,0.671700000,0.893050000
275,04:35,0.674016667,0.888066667
276,04:36,0.673150000,0.887616667
277,04:37,0.676033333,0.887983333
278,04:38,0.674016667,0.885100000
279,04:39,0.674466667,0.886850000
280,04:40,0.674250000,0.884750000
281,04:41,0.675150000,0.882433333
282,04:42,0.674466667,0.880033333
283,04:43,0.673650000,0.875683333
284,04:44,0.676933333,0.876150000
285,04:45,0.670966667,0.876150000
286,04:46,0.672016667,0.877083333
287,04:47,0.672633333,0.875750000
288,04:48,0.671233333,0.877100000
289,04:49,0.672016667,0.876650000
290,04:50,0.672016667,0.877866667
291,04:51,0.669250000,0.879816667
292,04:52,0.670083333,0.877816667
293,04:53,0.668583333,0.878233333
294,04:54,0.668750000,0.878433333
295,04:55,0.670933333,0.877883333
296,04:56,0.670083333,0.878400000
297,04:57,0.670483333,0.878016667
298,04:58,0.671033333,0.882066667
299,04:59,0.670800000,0.880033333
300,05:00,0.674300000,0.884166667
301,05:01,0.672383333,0.884533333
302,05:02,0.672500000,0.885016667
303,05:03,0.675916667,0.884200000
304,05:04,0.674733333,0.884983333
305,05:05,0.673866667,0.886333333
306,05:06,0.670333333,0.887666667
307,05:07,0.672933333,0.890566667
308,05:08,0.672200000,0.894200000
309,05:09,0.672166667,0.895283333
310,05:10,0.672066667,0.896100000
311,05:11,0.672733333,0.899716667
312,05:12,0.672666667,0.895600000
313,05:13,0.673983333,0.897716667
314,05:14,0.675466667,0.895700000
315,05:15,0.677083333,0.898533333
316,05:16,0.681750000,0.899000000
317,05:17,0.682533333,0.900366667
318,05:18,0.681800000,0.896216667
319,05:19,0.681800000,0.898650000
320,05:20,0.682950000,0.897466667
321,05:21,0.681083333,0.905800000
322,05:22,0.679850000,0.899100000
323,05:23,0.682300000,0.902816667
324,05:24,0.682950000,0.907000000
325,05:25,0.684716667,0.908483333
326,05:26,0.678233333,0.905316667
327,05:27,0.679500000,0.910633333
328,05:28,0.679583333,0.909866667
329,05:29,0.682900000,0.909750000
330,05:30,0.684466667,0.915583333
331,05:31,0.686216667,0.909533333
332,05:32,0.689783333,0.911850000
333,05:33,0.691600000,0.915916667
334,05:34,0.695833333,0.907916667
335,05:35,0.695566667,0.904566667
336,05:36,0.696250000,0.914533333
337,05:37,0.695350000,0.903566667
338,05:38,0.696333333,0.907116667
339,05:39,0.698000000,0.903566667
340,05:40,0.698883333,0.909250000
341,05:41,0.700583333,0.904500000
342,05:42,0.698083333,0.917700000
343,05:43,0.698350000,0.917216667
344,05:44,0.700500000,0.925100000
345,05:45,0.700800000,0.922783333
346,05:46,0.700483333,0.928016667
347,05:47,0.700766667,0.923883333
348,05:48,0.702350000,0.924866667
349,05:49,0.702533333,0.926383333
350,05:50,0.705166667,0.927450000
351,05:51,0.708966667,0.933000000
352,05:52,0.709600000,0.938883333
353,05:53,0.712083333,0.935683333
354,05:54,0.709700000,0.938583333
355,05:55,0.711950000,0.939283333
356,05:56,0.712183333,0.944333333
357,05:57,0.712866667,0.946966667
358,05:58,0.716483333,0.947300000
359,05:59,0.715983333,0.947466667
360,06:00,0.717233333,0.947700000
361,06:01,0.717883333,0.949433333
362,06:02,0.719383333,0.950566667
363,06:03,0.718450000,0.950900000
364,06:04,0.721100000,0.951666667
365,06:05,0.725383333,0.948366667
366,06:06,0.725983333,0.951150000
367,06:07,0.731200000,0.952166667
368,06:08,0.733566667,0.952216667
369,06:09,0.735250000,0.960716667
370,06:10,0.734683333,0.966950000
371,06:11,0.735883333,0.969050000
372,06:12,0.736450000,0.968866667
373,06:13,0.740683333,0.971900000
374,06:14,0.741433333,0.973216667
375,06:15,0.742850000,0.974116667
376,06:16,0.747133333,0.979166667
377,06:17,0.750900000,0.984316667
378,06:18,0.755100000,0.988233333
379,06:19,0.756233333,0.992316667
380,06:20,0.757800000,0.993100000
381,06:21,0.763050000,0.998050000
382,06:22,0.769566667,1.002700000
383,06:23,0.773466667,1.005533333
384,06:24,0.774166667,1.010333333
385,06:25,0.775833333,1.016200000
386,06:26,0.777483333,1.025716667
387,06:27,0.780516667,1.026383333
388,06:28,0.780133333,1.026866667
389,06:29,0.783500000,1.029100000
390,06:30,0.784633333,1.031533333
391,06:31,0.787716667,1.030716667
392,06:32,0.788683333,1.036050000
393,06:33,0.792700000,1.038766667
394,06:34,0.795533333,1.039466667
395,06:35,0.795950000,1.048600000
396,06:36,0.798850000,1.049366667
397,06:37,0.801350000,1.055766667
398,06:38,0.806383333,1.062233333
399,06:39,0.811000000,1.065183333
400,06:40,0.810600000,1.075733333
401,06:41,0.813200000,1.078416667
402,06:42,0.813683333,1.078050000
403,06:43,0.814483333,1.086633333
404,06:44,0.821283333,1.092816667
405,06:45,0.821283333,1.097066667
406,06:46,0.827583333,1.106416667
407,06:47,0.830950000,1.108283333
408,06:48,0.834233333,1.110266667
409,06:49,0.837466667,1.117150000
410,06:50,0.839466667,1.126416667
411,06:51,0.844150000,1.134050000
412,06:52,0.849816667,1.136116667
413,06:53,0.854550000,1.138983333
414,06:54,0.859383333,1.142783333
415,06:55,0.865466667,1.146250000
416,06:56,0.867866667,1.158033333
417,06:57,0.869850000,1.162083333
418,06:58,0.873566667,1.166733333
419,06:59,0.876433333,1.174850000
420,07:00,0.879050000,1.183816667
421,07:01,0.885700000,1.191366667
422,07:02,0.888066667,1.198900000
423,07:03,0.892900000,1.203650000
424,07:04,0.900533333,1.206683333
425,07:05,0.902550000,1.209950000
426,07:06,0.907266667,1.220750000
427,07:07,0.909216667,1.229950000
428,07:08,0.915250000,1.235416667
429,07:09,0.919933333,1.241850000
430,07:10,0.922900000,1.247233333
431,07:11,0.929016667,1.249800000
432,07:12,0.935833333,1.259016667
433,07:13,0.942283333,1.267566667
434,07:14,0.946216667,1.275416667
435,07:15,0.951933333,1.284883333
436,07:16,0.957916667,1.297383333
437,07:17,0.963283333,1.301883333
438,07:18,0.965583333,1.308283333
439,07:19,0.967700000,1.311683333
440,07:20,0.976433333,1.317566667
441,07:21,0.981133333,1.324983333
442,07:22,0.988200000,1.332083333
443,07:23,0.993600000,1.337366667
444,07:24,0.999200000,1.348283333
445,07:25,1.003666667,1.358100000
446,07:26,1.006316667,1.374983333
447,07:27,1.012433333,1.388433333
448,07:28,1.018600000,1.393050000
449,07:29,1.024066667,1.398300000
450,07:30,1.028383333,1.405500000
451,07:31,1.037216667,1.407400000
452,07:32,1.039900000,1.410866667
453,07:33,1.044850000,1.412383333
454,07:34,1.045500000,1.416716667
455,07:35,1.052716667,1.420416667
456,07:36,1.055750000,1.423316667
457,07:37,1.063650000,1.428650000
458,07:38,1.068866667,1.431550000
459,07:39,1.073016667,1.435716667
460,07:40,1.078133333,1.440400000
461,07:41,1.083316667,1.446066667
462,07:42,1.087600000,1.449500000
463,07:43,1.095066667,1.453333333
464,07:44,1.099166667,1.455866667
465,07:45,1.103150000,1.462233333
466,07:46,1.108016667,1.463716667
467,07:47,1.112416667,1.464150000
468,07:48,1.117733333,1.464850000
469,07:49,1.121650000,1.467733333
470,07:50,1.124783333,1.467866667
471,07:51,1.130033333,1.472350000
472,07:52,1.136816667,1.480050000
473,07:53,1.139566667,1.485483333
474,07:54,1.142683333,1.489866667
475,07:55,1.148000000,1.493050000
476,07:56,1.152883333,1.496900000
477,07:57,1.156133333,1.500516667
478,07:58,1.160983333,1.505666667
479,07:59,1.161333333,1.512650000
480,08:00,1.164616667,1.521083333
481,08:01,1.167250000,1.526733333
482,08:02,1.171433333,1.527933333
483,08:03,1.175616667,1.528616667
484,08:04,1.178433333,1.528233333
485,08:05,1.183416667,1.529766667
486,08:06,1.185833333,1.536433333
487,08:07,1.188783333,1.544183333
488,08:08,1.194466667,1.549183333
489,08:09,1.198850000,1.552966667
490,08:10,1.203533333,1.558200000
491,08:11,1.208350000,1.565516667
492,08:12,1.209616667,1.574250000
493,08:13,1.214333333,1.578816667
494,08:14,1.219200000,1.583016667
495,08:15,1.221316667,1.586083333
496,08:16,1.225716667,1.588666667
497,08:17,1.228316667,1.596633333
498,08:18,1.235050000,1.599100000
499,08:19,1.240366667,1.602833333
500,08:20,1.243183333,1.609333333
501,08:21,1.244250000,1.617083333
502,08:22,1.248866667,1.627283333
503,08:23,1.250983333,1.633400000
504,08:24,1.253333333,1.634666667
505,08:25,1.256033333,1.635916667
506,08:26,1.258950000,1.636066667
507,08:27,1.263283333,1.636200000
508,08:28,1.264816667,1.636416667
509,08:29,1.267583333,1.637166667
510,08:30,1.270516667,1.639416667
511,08:31,1.272633333,1.642766667
512,08:32,1.276550000,1.643950000
513,08:33,1.277233333,1.643400000
514,08:34,1.280983333,1.642050000
515,08:35,1.284816667,1.641083333
516,08:36,1.286950000,1.643250000
517,08:37,1.289233333,1.645233333
518,08:38,1.291033333,1.646300000
519,08:39,1.292916667,1.646300000
520,08:40,1.295683333,1.647033333
521,08:41,1.295683333,1.647366667
522,08:42,1.299650000,1.645900000
523,08:43,1.302066667,1.645283333
524,08:44,1.303733333,1.645633333
525,08:45,1.303516667,1.646133333
526,08:46,1.305066667,1.646133333
527,08:47,1.306050000,1.646433333
528,08:48,1.307416667,1.637683333
529,08:49,1.309050000,1.633683333
530,08:50,1.308883333,1.636116667
531,08:51,1.310416667,1.642633333
532,08:52,1.311283333,1.648966667
533,08:53,1.311333333,1.650550000
534,08:54,1.314650000,1.650816667
535,08:55,1.316266667,1.651516667
536,08:56,1.319183333,1.653816667
537,08:57,1.314616667,1.663300000
538,08:58,1.316066667,1.677983333
539,08:59,1.320300000,1.680450000
540,09:00,1.322516667,1.680400000
541,09:01,1.321666667,1.677983333
542,09:02,1.322516667,1.675233333
543,09:03,1.325916667,1.674150000
544,09:04,1.325966667,1.674400000
545,09:05,1.326850000,1.672983333
546,09:06,1.326900000,1.678066667
547,09:07,1.327066667,1.681983333
548,09:08,1.327066667,1.684633333
549,09:09,1.333500000,1.687400000
550,09:10,1.334466667,1.688983333
551,09:11,1.333500000,1.690283333
552,09:12,1.331333333,1.692166667
553,09:13,1.332083333,1.693983333
554,09:14,1.334883333,1.697033333
555,09:15,1.339750000,1.699850000
556,09:16,1.340716667,1.697433333
557,09:17,1.341133333,1.693983333
558,09:18,1.340783333,1.697666667
559,09:19,1.341066667,1.693433333
560,09:20,1.340250000,1.695850000
561,09:21,1.340250000,1.699016667
562,09:22,1.339150000,1.699416667
563,09:23,1.341066667,1.704316667
564,09:24,1.338750000,1.709466667
565,09:25,1.339133333,1.707516667
566,09:26,1.339133333,1.701450000
567,09:27,1.337850000,1.700450000
568,09:28,1.338033333,1.700716667
569,09:29,1.338200000,1.703800000
570,09:30,1.334783333,1.706866667
571,09:31,1.340366667,1.708216667
572,09:32,1.339066667,1.711433333
573,09:33,1.339800000,1.714550000
574,09:34,1.340200000,1.703250000
575,09:35,1.340050000,1.703816667
576,09:36,1.339300000,1.702350000
577,09:37,1.340133333,1.704633333
578,09:38,1.340616667,1.702216667
579,09:39,1.340433333,1.694000000
580,09:40,1.339266667,1.694950000
581,09:41,1.338366667,1.695750000
582,09:42,1.337950000,1.697983333
583,09:43,1.338783333,1.685066667
584,09:44,1.341850000,1.701266667
585,09:45,1.343616667,1.701183333
586,09:46,1.343666667,1.700766667
587,09:47,1.341616667,1.699850000
588,09:48,1.344216667,1.699650000
589,09:49,1.345583333,1.701150000
590,09:50,1.343900000,1.699383333
591,09:51,1.345450000,1.698116667
592,09:52,1.345133333,1.712850000
593,09:53,1.344550000,1.710866667
594,09:54,1.345000000,1.711466667
595,09:55,1.345716667,1.712716667
596,09:56,1.346200000,1.714650000
597,09:57,1.346600000,1.715283333
598,09:58,1.346716667,1.720816667
599,09:59,1.345133333,1.720416667
600,10:00,1.344566667,1.712216667
601,10:01,1.342300000,1.712100000
602,10:02,1.343916667,1.712650000
603,10:03,1.343333333,1.714633333
604,10:04,1.342366667,1.710083333
605,10:05,1.343183333,1.716483333
606,10:06,1.345750000,1.706833333
607,10:07,1.345550000,1.705066667
608,10:08,1.345650000,1.705483333
609,10:09,1.345650000,1.703033333
610,10:10,1.345683333,1.699000000
611,10:11,1.344616667,1.692150000
612,10:12,1.345683333,1.689750000
613,10:13,1.349000000,1.686400000
614,10:14,1.348483333,1.683950000
615,10:15,1.349183333,1.681016667
616,10:16,1.348966667,1.686433333
617,10:17,1.348166667,1.677183333
618,10:18,1.349233333,1.674416667
619,10:19,1.351716667,1.673033333
620,10:20,1.357183333,1.685550000
621,10:21,1.356816667,1.694083333
622,10:22,1.358083333,1.691816667
623,10:23,1.359450000,1.688366667
624,10:24,1.361066667,1.684050000
625,10:25,1.362683333,1.678850000
626,10:26,1.362883333,1.678233333
627,10:27,1.363900000,1.680216667
628,10:28,1.363083333,1.680216667
629,10:29,1.362450000,1.682400000
630,10:30,1.361433333,1.684083333
631,10:31,1.360200000,1.686016667
632,10:32,1.360466667,1.685183333
633,10:33,1.362216667,1.683766667
634,10:34,1.361500000,1.685016667
635,10:35,1.362633333,1.690516667
636,10:36,1.360816667,1.696450000
637,10:37,1.362216667,1.698216667
638,10:38,1.362466667,1.689916667
639,10:39,1.364150000,1.689466667
640,10:40,1.364050000,1.687083333
641,10:41,1.364316667,1.685283333
642,10:42,1.364483333,1.684466667
643,10:43,1.365183333,1.682750000
644,10:44,1.364500000,1.681983333
645,10:45,1.365533333,1.681716667
646,10:46,1.365433333,1.680783333
647,10:47,1.364216667,1.680266667
648,10:48,1.363900000,1.675800000
649,10:49,1.365000000,1.679566667
650,10:50,1.365316667,1.679033333
651,10:51,1.365050000,1.678866667
652,10:52,1.366700000,1.678700000
653,10:53,1.366300000,1.686200000
654,10:54,1.363166667,1.684700000
655,10:55,1.362416667,1.683716667
656,10:56,1.361833333,1.675700000
657,10:57,1.361833333,1.668716667
658,10:58,1.362416667,1.672050000
659,10:59,1.361300000,1.673316667
660,11:00,1.364800000,1.674433333
661,11:01,1.364100000,1.674816667
662,11:02,1.365016667,1.675950000
663,11:03,1.366483333,1.678316667
664,11:04,1.365983333,1.678383333
665,11:05,1.365833333,1.678800000
666,11:06,1.365283333,1.678033333
667,11:07,1.366033333,1.685500000
668,11:08,1.365850000,1.680800000
669,11:09,1.365783333,1.681450000
670,11:10,1.365716667,1.682900000
671,11:11,1.365583333,1.683550000
672,11:12,1.364883333,1.682316667
673,11:13,1.363000000,1.684033333
674,11:14,1.362400000,1.684416667
675,11:15,1.358900000,1.683950000
676,11:16,1.357016667,1.675333333
677,11:17,1.356500000,1.665883333
678,11:18,1.354333333,1.663416667
679,11:19,1.354266667,1.661166667
680,11:20,1.353550000,1.658683333
681,11:21,1.352400000,1.653083333
682,11:22,1.352300000,1.646983333
683,11:23,1.352766667,1.642283333
684,11:24,1.352433333,1.641150000
685,11:25,1.351866667,1.639350000
686,11:26,1.349950000,1.638666667
687,11:27,1.349783333,1.637983333
688,11:28,1.349250000,1.636633333
689,11:29,1.347983333,1.634933333
690,11:30,1.347950000,1.633683333
691,11:31,1.347966667,1.633766667
692,11:32,1.348833333,1.634366667
693,11:33,1.348733333,1.633416667
694,11:34,1.348916667,1.633166667
695,11:35,1.349433333,1.630700000
696,11:36,1.345916667,1.631300000
697,11:37,1.345166667,1.630200000
698,11:38,1.346466667,1.626650000
699,11:39,1.350533333,1.621850000
700,11:40,1.350866667,1.619133333
701,11:41,1.349550000,1.631466667
702,11:42,1.348266667,1.632216667
703,11:43,1.348083333,1.624883333
704,11:44,1.347533333,1.617800000
705,11:45,1.343183333,1.617916667
706,11:46,1.342666667,1.619133333
707,11:47,1.342316667,1.623933333
708,11:48,1.342750000,1.627383333
709,11:49,1.342750000,1.627383333
710,11:50,1.342966667,1.628383333
711,11:51,1.343683333,1.629300000
712,11:52,1.343566667,1.629550000
713,11:53,1.343566667,1.629300000
714,11:54,1.343233333,1.629300000
715,11:55,1.342750000,1.628900000
716,11:56,1.342050000,1.628900000
717,11:57,1.339600000,1.629383333
718,11:58,1.339166667,1.628283333
719,11:59,1.339600000,1.630983333
720,12:00,1.340466667,1.631350000
721,12:01,1.337833333,1.631866667
722,12:02,1.337283333,1.632316667
723,12:03,1.337300000,1.634750000
724,12:04,1.336850000,1.635083333
725,12:05,1.336933333,1.634366667
726,12:06,1.337316667,1.634683333
727,12:07,1.338266667,1.635383333
728,12:08,1.338850000,1.635683333
729,12:09,1.339116667,1.635183333
730,12:10,1.339916667,1.633516667
731,12:11,1.339383333,1.631766667
732,12:12,1.338033333,1.628933333
733,12:13,1.335633333,1.628166667
734,12:14,1.337183333,1.625200000
735,12:15,1.338433333,1.625350000
736,12:16,1.336416667,1.622300000
737,12:17,1.335466667,1.618650000
738,12:18,1.335066667,1.616766667
739,12:19,1.335250000,1.613200000
740,12:20,1.334433333,1.612483333
741,12:21,1.334550000,1.612400000
742,12:22,1.333333333,1.610950000
743,12:23,1.334150000,1.607800000
744,12:24,1.334866667,1.605366667
745,12:25,1.333416667,1.604116667
746,12:26,1.327883333,1.601900000
747,12:27,1.327766667,1.600533333
748,12:28,1.330300000,1.599350000
749,12:29,1.329983333,1.594866667
750,12:30,1.327683333,1.591350000
751,12:31,1.326050000,1.593166667
752,12:32,1.325933333,1.596083333
753,12:33,1.324483333,1.595733333
754,12:34,1.318400000,1.594150000
755,12:35,1.322700000,1.590600000
756,12:36,1.321533333,1.590766667
757,12:37,1.320666667,1.589000000
758,12:38,1.318966667,1.588050000
759,12:39,1.318350000,1.587716667
760,12:40,1.317033333,1.586400000
761,12:41,1.318766667,1.580266667
762,12:42,1.318033333,1.579100000
763,12:43,1.316066667,1.575766667
764,12:44,1.315733333,1.571116667
765,12:45,1.315733333,1.568533333
766,12:46,1.315150000,1.566850000
767,12:47,1.314733333,1.566533333
768,12:48,1.312466667,1.566133333
769,12:49,1.309733333,1.563916667
770,12:50,1.310666667,1.563666667
771,12:51,1.310300000,1.562950000
772,12:52,1.310366667,1.561500000
773,12:53,1.311100000,1.561500000
774,12:54,1.307916667,1.561300000
775,12:55,1.308766667,1.560783333
776,12:56,1.308783333,1.560233333
777,12:57,1.308983333,1.559366667
778,12:58,1.308983333,1.558766667
779,12:59,1.308383333,1.557450000
780,13:00,1.307583333,1.557516667
781,13:01,1.304966667,1.557716667
782,13:02,1.306083333,1.557333333
783,13:03,1.303550000,1.556750000
784,13:04,1.303316667,1.556666667
785,13:05,1.303050000,1.556133333
786,13:06,1.303983333,1.555583333
787,13:07,1.303700000,1.554316667
788,13:08,1.302983333,1.554516667
789,13:09,1.302983333,1.553200000
790,13:10,1.302566667,1.553383333
791,13:11,1.304233333,1.551416667
792,13:12,1.302033333,1.549966667
793,13:13,1.303016667,1.550033333
794,13:14,1.302350000,1.547016667
795,13:15,1.301700000,1.544300000
796,13:16,1.302350000,1.541816667
797,13:17,1.299566667,1.541850000
798,13:18,1.298150000,1.541116667
799,13:19,1.300066667,1.541233333
800,13:20,1.299583333,1.540516667
801,13:21,1.300283333,1.540316667
802,13:22,1.298800000,1.540100000
803,13:23,1.298766667,1.538866667
804,13:24,1.298250000,1.538450000
805,13:25,1.295733333,1.533300000
806,13:26,1.295266667,1.531833333
807,13:27,1.295233333,1.527900000
808,13:28,1.293400000,1.526600000
809,13:29,1.291516667,1.523450000
810,13:30,1.291683333,1.520950000
811,13:31,1.291800000,1.517350000
812,13:32,1.294716667,1.517450000
813,13:33,1.291866667,1.515533333
814,13:34,1.291866667,1.516283333
815,13:35,1.291583333,1.516566667
816,13:36,1.296616667,1.517916667
817,13:37,1.295416667,1.518316667
818,13:38,1.297016667,1.518366667
819,13:39,1.291583333,1.518366667
820,13:40,1.291583333,1.518366667
821,13:41,1.291316667,1.518166667
822,13:42,1.291083333,1.517983333
823,13:43,1.289383333,1.517416667
824,13:44,1.287983333,1.516266667
825,13:45,1.293266667,1.515250000
826,13:46,1.294200000,1.514600000
827,13:47,1.293416667,1.514600000
828,13:48,1.293316667,1.513433333
829,13:49,1.293200000,1.511766667
830,13:50,1.294750000,1.510650000
831,13:51,1.294766667,1.510200000
832,13:52,1.294283333,1.508483333
833,13:53,1.294916667,1.506950000
834,13:54,1.295450000,1.502783333
835,13:55,1.296733333,1.501733333
836,13:56,1.297000000,1.502516667
837,13:57,1.294916667,1.500550000
838,13:58,1.295983333,1.500233333
839,13:59,1.297200000,1.498483333
840,14:00,1.297450000,1.496733333
841,14:01,1.297466667,1.496733333
842,14:02,1.297416667,1.496066667
843,14:03,1.298316667,1.495216667
844,14:04,1.299050000,1.493900000
845,14:05,1.299766667,1.494716667
846,14:06,1.301550000,1.496766667
847,14:07,1.301333333,1.496533333
848,14:08,1.301333333,1.496533333
849,14:09,1.302216667,1.497550000
850,14:10,1.300700000,1.495816667
851,14:11,1.299450000,1.494366667
852,14:12,1.300283333,1.495333333
853,14:13,1.298200000,1.493300000
854,14:14,1.300316667,1.495366667
855,14:15,1.300666667,1.495766667
856,14:16,1.300700000,1.495816667
857,14:17,1.299483333,1.494416667
858,14:18,1.298283333,1.493033333
859,14:19,1.299933333,1.494933333
860,14:20,1.298783333,1.493600000
861,14:21,1.300983333,1.496133333
862,14:22,1.298483333,1.493266667
863,14:23,1.298833333,1.493666667
864,14:24,1.296600000,1.491083333
865,14:25,1.296400000,1.490850000
866,14:26,1.297250000,1.491850000
867,14:27,1.296050000,1.490466667
868,14:28,1.295966667,1.490366667
869,14:29,1.293983333,1.488083333
870,14:30,1.292333333,1.486200000
871,14:31,1.290516667,1.484100000
872,14:32,1.288866667,1.482200000
873,14:33,1.288083333,1.481300000
874,14:34,1.285450000,1.478266667
875,14:35,1.283600000,1.476150000
876,14:36,1.283700000,1.476250000
877,14:37,1.278800000,1.473216667
878,14:38,1.277083333,1.472716667
879,14:39,1.277000000,1.468550000
880,14:40,1.276500000,1.467966667
881,14:41,1.276766667,1.468266667
882,14:42,1.276216667,1.467633333
883,14:43,1.276016667,1.467416667
884,14:44,1.274000000,1.465100000
885,14:45,1.273483333,1.464500000
886,14:46,1.271966667,1.462750000
887,14:47,1.270500000,1.461066667
888,14:48,1.265850000,1.455716667
889,14:49,1.266333333,1.456283333
890,14:50,1.264483333,1.454166667
891,14:51,1.262383333,1.451733333
892,14:52,1.261550000,1.450783333
893,14:53,1.260583333,1.449666667
894,14:54,1.258816667,1.447633333
895,14:55,1.259383333,1.448300000
896,14:56,1.257550000,1.446183333
897,14:57,1.257883333,1.446566667
898,14:58,1.257150000,1.445716667
899,14:59,1.257433333,1.446050000
900,15:00,1.255916667,1.444300000
901,15:01,1.254750000,1.442966667
902,15:02,1.253500000,1.441516667
903,15:03,1.251400000,1.439116667
904,15:04,1.249816667,1.437283333
905,15:05,1.248366667,1.435616667
906,15:06,1.246033333,1.432950000
907,15:07,1.245200000,1.431983333
908,15:08,1.243050000,1.429500000
909,15:09,1.242833333,1.429250000
910,15:10,1.242016667,1.428316667
911,15:11,1.241266667,1.427466667
912,15:12,1.240916667,1.427050000
913,15:13,1.239233333,1.425116667
914,15:14,1.236983333,1.422533333
915,15:15,1.236533333,1.422016667
916,15:16,1.235250000,1.420533333
917,15:17,1.235100000,1.420366667
918,15:18,1.233366667,1.418366667
919,15:19,1.232366667,1.417216667
920,15:20,1.231033333,1.415683333
921,15:21,1.228916667,1.413250000
922,15:22,1.229650000,1.414100000
923,15:23,1.227416667,1.411516667
924,15:24,1.226066667,1.409966667
925,15:25,1.224700000,1.408400000
926,15:26,1.224850000,1.408566667
927,15:27,1.223700000,1.407250000
928,15:28,1.222500000,1.405883333
929,15:29,1.222716667,1.406116667
930,15:30,1.220166667,1.403200000
931,15:31,1.219950000,1.402933333
932,15:32,1.220366667,1.403416667
933,15:33,1.218800000,1.401616667
934,15:34,1.217400000,1.400000000
935,15:35,1.217400000,1.400000000
936,15:36,1.216850000,1.399366667
937,15:37,1.214900000,1.397133333
938,15:38,1.213850000,1.395916667
939,15:39,1.213583333,1.395616667
940,15:40,1.213683333,1.395733333
941,15:41,1.213850000,1.395916667
942,15:42,1.213683333,1.395733333
943,15:43,1.213733333,1.395783333
944,15:44,1.213066667,1.395033333
945,15:45,1.213950000,1.396050000
946,15:46,1.210300000,1.391850000
947,15:47,1.210300000,1.391850000
948,15:48,1.209300000,1.390700000
949,15:49,1.209033333,1.390400000
950,15:50,1.208966667,1.390316667
951,15:51,1.207666667,1.388816667
952,15:52,1.204833333,1.385566667
953,15:53,1.205150000,1.385933333
954,15:54,1.206533333,1.387516667
955,15:55,1.204533333,1.385216667
956,15:56,1.203683333,1.384233333
957,15:57,1.201966667,1.382266667
958,15:58,1.202383333,1.382733333
959,15:59,1.202983333,1.383433333
960,16:00,1.201933333,1.382216667
961,16:01,1.201683333,1.381933333
962,16:02,1.202366667,1.382716667
963,16:03,1.201683333,1.381950000
964,16:04,1.201616667,1.381850000
965,16:05,1.201583333,1.381816667
966,16:06,1.201716667,1.381983333
967,16:07,1.202333333,1.382683333
968,16:08,1.202366667,1.382733333
969,16:09,1.202683333,1.383083333
970,16:10,1.203150000,1.383616667
971,16:11,1.203100000,1.383566667
972,16:12,1.202583333,1.382966667
973,16:13,1.203533333,1.384066667
974,16:14,1.202466667,1.382850000
975,16:15,1.202466667,1.382850000
976,16:16,1.201683333,1.385033333
977,16:17,1.201533333,1.386033333
978,16:18,1.201216667,1.385716667
979,16:19,1.202433333,1.384700000
980,16:20,1.203450000,1.383966667
981,16:21,1.204533333,1.385216667
982,16:22,1.204533333,1.385216667
983,16:23,1.204700000,1.385400000
984,16:24,1.205283333,1.386083333
985,16:25,1.204966667,1.385716667
986,16:26,1.204500000,1.385183333
987,16:27,1.203850000,1.384416667
988,16:28,1.201450000,1.381666667
989,16:29,1.200550000,1.380616667
990,16:30,1.201000000,1.381150000
991,16:31,1.200050000,1.381983333
992,16:32,1.202483333,1.382850000
993,16:33,1.201533333,1.381750000
994,16:34,1.201833333,1.382116667
995,16:35,1.203366667,1.383866667
996,16:36,1.202533333,1.382916667
997,16:37,1.203600000,1.384133333
998,16:38,1.202800000,1.383800000
999,16:39,1.203250000,1.383733333
1000,16:40,1.203566667,1.384116667
1001,16:41,1.205700000,1.386550000
1002,16:42,1.205700000,1.386550000
1003,16:43,1.205800000,1.386666667
1004,16:44,1.206166667,1.387083333
1005,16:45,1.205850000,1.386733333
1006,16:46,1.207933333,1.389116667
1007,16:47,1.207666667,1.388816667
1008,16:48,1.207266667,1.388350000
1009,16:49,1.207283333,1.388383333
1010,16:50,1.209450000,1.390866667
1011,16:51,1.209450000,1.390866667
1012,16:52,1.209433333,1.392083333
1013,16:53,1.211466667,1.393183333
1014,16:54,1.211766667,1.395950000
1015,16:55,1.213200000,1.399583333
1016,16:56,1.214250000,1.401116667
1017,16:57,1.214916667,1.402000000
1018,16:58,1.215600000,1.401566667
1019,16:59,1.216400000,1.404900000
1020,17:00,1.217450000,1.405033333
1021,17:01,1.217366667,1.405683333
1022,17:02,1.217950000,1.407116667
1023,17:03,1.219283333,1.409766667
1024,17:04,1.219450000,1.413483333
1025,17:05,1.219783333,1.413966667
1026,17:06,1.222233333,1.418300000
1027,17:07,1.223250000,1.427450000
1028,17:08,1.223483333,1.435633333
1029,17:09,1.225166667,1.435083333
1030,17:10,1.226366667,1.439100000
1031,17:11,1.227200000,1.442900000
1032,17:12,1.228733333,1.449433333
1033,17:13,1.227783333,1.456133333
1034,17:14,1.226516667,1.458916667
1035,17:15,1.226400000,1.459383333
1036,17:16,1.229350000,1.461083333
1037,17:17,1.229200000,1.463266667
1038,17:18,1.230916667,1.464700000
1039,17:19,1.229600000,1.467483333
1040,17:20,1.230433333,1.472616667
1041,17:21,1.231183333,1.478750000
1042,17:22,1.232266667,1.480683333
1043,17:23,1.232933333,1.486300000
1044,17:24,1.234883333,1.487883333
1045,17:25,1.237083333,1.488950000
1046,17:26,1.239150000,1.488883333
1047,17:27,1.239650000,1.490366667
1048,17:28,1.240283333,1.494583333
1049,17:29,1.241933333,1.497816667
1050,17:30,1.243400000,1.497816667
1051,17:31,1.243616667,1.499466667
1052,17:32,1.244866667,1.505933333
1053,17:33,1.244450000,1.509233333
1054,17:34,1.245800000,1.513050000
1055,17:35,1.246850000,1.515450000
1056,17:36,1.248550000,1.516800000
1057,17:37,1.250500000,1.518150000
1058,17:38,1.253233333,1.518816667
1059,17:39,1.255566667,1.520166667
1060,17:40,1.259350000,1.522716667
1061,17:41,1.261400000,1.524616667
1062,17:42,1.264966667,1.525600000
1063,17:43,1.265650000,1.530966667
1064,17:44,1.266450000,1.536416667
1065,17:45,1.271050000,1.539966667
1066,17:46,1.271133333,1.543683333
1067,17:47,1.274500000,1.550500000
1068,17:48,1.274066667,1.552100000
1069,17:49,1.275316667,1.553350000
1070,17:50,1.279450000,1.554600000
1071,17:51,1.280700000,1.565950000
1072,17:52,1.282950000,1.580983333
1073,17:53,1.284783333,1.585250000
1074,17:54,1.285383333,1.585133333
1075,17:55,1.287050000,1.593400000
1076,17:56,1.289216667,1.597333333
1077,17:57,1.292200000,1.605966667
1078,17:58,1.294300000,1.610533333
1079,17:59,1.299200000,1.613616667
1080,18:00,1.304000000,1.613616667
1081,18:01,1.305066667,1.617283333
1082,18:02,1.307983333,1.623650000
1083,18:03,1.310416667,1.627083333
1084,18:04,1.312500000,1.632866667
1085,18:05,1.313783333,1.633583333
1086,18:06,1.317066667,1.641366667
1087,18:07,1.320450000,1.648900000
1088,18:08,1.321050000,1.661983333
1089,18:09,1.324283333,1.667766667
1090,18:10,1.326033333,1.665666667
1091,18:11,1.328100000,1.663350000
1092,18:12,1.329116667,1.660116667
1093,18:13,1.329283333,1.658933333
1094,18:14,1.330000000,1.665966667
1095,18:15,1.330733333,1.670716667
1096,18:16,1.333483333,1.675633333
1097,18:17,1.335400000,1.686033333
1098,18:18,1.337550000,1.690733333
1099,18:19,1.335050000,1.691416667
1100,18:20,1.337283333,1.692983333
1101,18:21,1.339533333,1.695650000
1102,18:22,1.340333333,1.698983333
1103,18:23,1.342000000,1.699900000
1104,18:24,1.341800000,1.705450000
1105,18:25,1.342516667,1.711200000
1106,18:26,1.345633333,1.716266667
1107,18:27,1.344150000,1.717000000
1108,18:28,1.345483333,1.719600000
1109,18:29,1.348766667,1.727516667
1110,18:30,1.350916667,1.731216667
1111,18:31,1.351566667,1.734350000
1112,18:32,1.353366667,1.737983333
1113,18:33,1.356116667,1.742333333
1114,18:34,1.355166667,1.746350000
1115,18:35,1.358350000,1.750000000
1116,18:36,1.362116667,1.754766667
1117,18:37,1.363866667,1.757500000
1118,18:38,1.364616667,1.764083333
1119,18:39,1.362616667,1.767016667
1120,18:40,1.367566667,1.770483333
1121,18:41,1.366583333,1.774600000
1122,18:42,1.368716667,1.780450000
1123,18:43,1.368733333,1.780133333
1124,18:44,1.369100000,1.783983333
1125,18:45,1.371816667,1.792533333
1126,18:46,1.370933333,1.800416667
1127,18:47,1.370933333,1.810150000
1128,18:48,1.371100000,1.813283333
1129,18:49,1.370366667,1.819616667
1130,18:50,1.370816667,1.824216667
1131,18:51,1.370983333,1.825700000
1132,18:52,1.376216667,1.828450000
1133,18:53,1.379566667,1.835066667
1134,18:54,1.377916667,1.840833333
1135,18:55,1.378666667,1.844166667
1136,18:56,1.381783333,1.848000000
1137,18:57,1.383883333,1.851400000
1138,18:58,1.385100000,1.854716667
1139,18:59,1.386716667,1.857100000
1140,19:00,1.388950000,1.859616667
1141,19:01,1.392933333,1.861233333
1142,19:02,1.392600000,1.863216667
1143,19:03,1.394500000,1.868583333
1144,19:04,1.397350000,1.872116667
1145,19:05,1.401066667,1.874233333
1146,19:06,1.402983333,1.872116667
1147,19:07,1.403433333,1.873433333
1148,19:08,1.405150000,1.875100000
1149,19:09,1.408400000,1.877083333
1150,19:10,1.409200000,1.878400000
1151,19:11,1.408916667,1.885150000
1152,19:12,1.408900000,1.893566667
1153,19:13,1.409766667,1.897516667
1154,19:14,1.410150000,1.906783333
1155,19:15,1.410866667,1.910400000
1156,19:16,1.412616667,1.915733333
1157,19:17,1.412233333,1.912333333
1158,19:18,1.413200000,1.917316667
1159,19:19,1.413083333,1.919000000
1160,19:20,1.414533333,1.922266667
1161,19:21,1.413516667,1.927316667
1162,19:22,1.413516667,1.928233333
1163,19:23,1.414633333,1.936400000
1164,19:24,1.414983333,1.940716667
1165,19:25,1.414216667,1.944733333
1166,19:26,1.413900000,1.954333333
1167,19:27,1.417100000,1.957616667
1168,19:28,1.417100000,1.969883333
1169,19:29,1.417316667,1.978316667
1170,19:30,1.417700000,1.985466667
1171,19:31,1.419950000,1.992483333
1172,19:32,1.419950000,1.992433333
1173,19:33,1.420266667,1.998350000
1174,19:34,1.422550000,2.006466667
1175,19:35,1.423250000,2.010850000
1176,19:36,1.425633333,2.006416667
1177,19:37,1.425733333,2.004233333
1178,19:38,1.425283333,2.009316667
1179,19:39,1.424783333,2.020416667
1180,19:40,1.421666667,2.020416667
1181,19:41,1.422816667,2.029150000
1182,19:42,1.421900000,2.043783333
1183,19:43,1.422300000,2.049716667
1184,19:44,1.420750000,2.050950000
1185,19:45,1.421800000,2.062650000
1186,19:46,1.423766667,2.066983333
1187,19:47,1.427466667,2.072850000
1188,19:48,1.426966667,2.079916667
1189,19:49,1.429733333,2.087516667
1190,19:50,1.428916667,2.091216667
1191,19:51,1.430016667,2.093233333
1192,19:52,1.430016667,2.091466667
1193,19:53,1.430016667,2.092133333
1194,19:54,1.431550000,2.090783333
1195,19:55,1.432766667,2.094066667
1196,19:56,1.435350000,2.098350000
1197,19:57,1.437350000,2.102400000
1198,19:58,1.440433333,2.109733333
1199,19:59,1.441016667,2.112166667
1200,20:00,1.441350000,2.113366667
1201,20:01,1.444200000,2.113316667
1202,20:02,1.441650000,2.114450000
1203,20:03,1.443133333,2.111633333
1204,20:04,1.446883333,2.116650000
1205,20:05,1.447300000,2.119766667
1206,20:06,1.447116667,2.122666667
1207,20:07,1.448466667,2.125366667
1208,20:08,1.447083333,2.131100000
1209,20:09,1.447483333,2.141000000
1210,20:10,1.449733333,2.142883333
1211,20:11,1.452516667,2.144050000
1212,20:12,1.454350000,2.144000000
1213,20:13,1.454350000,2.143866667
1214,20:14,1.454900000,2.147550000
1215,20:15,1.458566667,2.152216667
1216,20:16,1.458633333,2.157283333
1217,20:17,1.458916667,2.166150000
1218,20:18,1.461600000,2.171483333
1219,20:19,1.462700000,2.177733333
1220,20:20,1.463966667,2.185300000
1221,20:21,1.466883333,2.190716667
1222,20:22,1.469550000,2.193000000
1223,20:23,1.471516667,2.198233333
1224,20:24,1.475400000,2.202050000
1225,20:25,1.479966667,2.204550000
1226,20:26,1.481000000,2.210533333
1227,20:27,1.484000000,2.211633333
1228,20:28,1.486250000,2.219300000
1229,20:29,1.487133333,2.228316667
1230,20:30,1.488466667,2.234000000
1231,20:31,1.490233333,2.238550000
1232,20:32,1.492366667,2.242450000
1233,20:33,1.495200000,2.250316667
1234,20:34,1.499566667,2.255550000
1235,20:35,1.500866667,2.256800000
1236,20:36,1.498666667,2.262650000
1237,20:37,1.501633333,2.266416667
1238,20:38,1.502750000,2.267950000
1239,20:39,1.503333333,2.272833333
1240,20:40,1.503250000,2.276633333
1241,20:41,1.503533333,2.279183333
1242,20:42,1.504750000,2.280350000
1243,20:43,1.506616667,2.282450000
1244,20:44,1.506250000,2.284716667
1245,20:45,1.504600000,2.285283333
1246,20:46,1.506033333,2.287816667
1247,20:47,1.507283333,2.288433333
1248,20:48,1.508450000,2.291450000
1249,20:49,1.508100000,2.296083333
1250,20:50,1.510850000,2.305133333
1251,20:51,1.516216667,2.304616667
1252,20:52,1.518216667,2.306633333
1253,20:53,1.518883333,2.306450000
1254,20:54,1.520550000,2.308900000
1255,20:55,1.520650000,2.309516667
1256,20:56,1.520333333,2.311133333
1257,20:57,1.520600000,2.313233333
1258,20:58,1.521383333,2.315550000
1259,20:59,1.522000000,2.324300000
1260,21:00,1.521233333,2.331466667
1261,21:01,1.521833333,2.337483333
1262,21:02,1.522333333,2.341216667
1263,21:03,1.523333333,2.341216667
1264,21:04,1.521950000,2.345366667
1265,21:05,1.521650000,2.348500000
1266,21:06,1.522383333,2.348516667
1267,21:07,1.523683333,2.351216667
1268,21:08,1.524500000,2.349566667
1269,21:09,1.528100000,2.350383333
1270,21:10,1.528533333,2.350466667
1271,21:11,1.534466667,2.349166667
1272,21:12,1.535300000,2.345816667
1273,21:13,1.536416667,2.348416667
1274,21:14,1.536100000,2.346816667
1275,21:15,1.535666667,2.346016667
1276,21:16,1.535666667,2.341833333
1277,21:17,1.535583333,2.340266667
1278,21:18,1.535916667,2.340650000
1279,21:19,1.535200000,2.341266667
1280,21:20,1.536133333,2.341950000
1281,21:21,1.537100000,2.347533333
1282,21:22,1.536900000,2.354250000
1283,21:23,1.540016667,2.355783333
1284,21:24,1.539733333,2.353933333
1285,21:25,1.539533333,2.360850000
1286,21:26,1.540516667,2.363316667
1287,21:27,1.539666667,2.367566667
1288,21:28,1.539183333,2.369150000
1289,21:29,1.538183333,2.369883333
1290,21:30,1.537183333,2.369850000
1291,21:31,1.537183333,2.370650000
1292,21:32,1.537100000,2.371100000
1293,21:33,1.535916667,2.371150000
1294,21:34,1.535883333,2.370483333
1295,21:35,1.535750000,2.369933333
1296,21:36,1.535333333,2.358183333
1297,21:37,1.535216667,2.340166667
1298,21:38,1.536816667,2.341966667
1299,21:39,1.537283333,2.347883333
1300,21:40,1.537283333,2.353800000
1301,21:41,1.535100000,2.361116667
1302,21:42,1.531950000,2.368583333
1303,21:43,1.530800000,2.377300000
1304,21:44,1.531083333,2.385033333
1305,21:45,1.531933333,2.394233333
1306,21:46,1.531083333,2.395466667
1307,21:47,1.532233333,2.391466667
1308,21:48,1.532283333,2.386700000
1309,21:49,1.536183333,2.378966667
1310,21:50,1.535583333,2.379516667
1311,21:51,1.535383333,2.383150000
1312,21:52,1.534266667,2.383166667
1313,21:53,1.534266667,2.384283333
1314,21:54,1.534266667,2.387700000
1315,21:55,1.533383333,2.390416667
1316,21:56,1.533433333,2.390216667
1317,21:57,1.531916667,2.389650000
1318,21:58,1.532383333,2.389650000
1319,21:59,1.530033333,2.385800000
1320,22:00,1.527900000,2.381766667
1321,22:01,1.528316667,2.381566667
1322,22:02,1.526583333,2.381283333
1323,22:03,1.525950000,2.380466667
1324,22:04,1.527183333,2.381483333
1325,22:05,1.526183333,2.381883333
1326,22:06,1.528150000,2.382283333
1327,22:07,1.528483333,2.383183333
1328,22:08,1.526033333,2.383783333
1329,22:09,1.522433333,2.384066667
1330,22:10,1.520883333,2.384633333
1331,22:11,1.516850000,2.385766667
1332,22:12,1.516166667,2.387450000
1333,22:13,1.520000000,2.389333333
1334,22:14,1.515700000,2.389533333
1335,22:15,1.515700000,2.390866667
1336,22:16,1.515700000,2.383466667
1337,22:17,1.515700000,2.382200000
1338,22:18,1.514716667,2.371000000
1339,22:19,1.510000000,2.369050000
1340,22:20,1.506633333,2.369300000
1341,22:21,1.502066667,2.369300000
1342,22:22,1.497216667,2.369050000
1343,22:23,1.496300000,2.369933333
1344,22:24,1.492300000,2.370216667
1345,22:25,1.490083333,2.371333333
1346,22:26,1.486983333,2.371583333
1347,22:27,1.485450000,2.373216667
1348,22:28,1.484700000,2.372883333
1349,22:29,1.484083333,2.371683333
1350,22:30,1.482450000,2.370700000
1351,22:31,1.477933333,2.370016667
1352,22:32,1.475350000,2.369583333
1353,22:33,1.476566667,2.370000000
1354,22:34,1.472466667,2.369016667
1355,22:35,1.468766667,2.368066667
1356,22:36,1.466733333,2.369850000
1357,22:37,1.463633333,2.373616667
1358,22:38,1.460983333,2.375533333
1359,22:39,1.458333333,2.378033333
1360,22:40,1.455466667,2.377816667
1361,22:41,1.452850000,2.378766667
1362,22:42,1.451383333,2.379616667
1363,22:43,1.449300000,2.361983333
1364,22:44,1.446066667,2.368116667
1365,22:45,1.445983333,2.366016667
1366,22:46,1.444283333,2.366016667
1367,22:47,1.439700000,2.370600000
1368,22:48,1.437400000,2.380350000
1369,22:49,1.434850000,2.383266667
1370,22:50,1.435000000,2.389066667
1371,22:51,1.433933333,2.390866667
1372,22:52,1.432433333,2.391683333
1373,22:53,1.430100000,2.385650000
1374,22:54,1.427483333,2.379083333
1375,22:55,1.425000000,2.369116667
1376,22:56,1.425283333,2.369133333
1377,22:57,1.425800000,2.363283333
1378,22:58,1.423733333,2.364383333
1379,22:59,1.421516667,2.364383333
1380,23:00,1.420550000,2.365516667
1381,23:01,1.420633333,2.359433333
1382,23:02,1.419300000,2.353633333
1383,23:03,1.418533333,2.346850000
1384,23:04,1.417900000,2.341166667
1385,23:05,1.416750000,2.333950000
1386,23:06,1.415000000,2.326416667
1387,23:07,1.411783333,2.322566667
1388,23:08,1.409966667,2.316833333
1389,23:09,1.404450000,2.311300000
1390,23:10,1.402316667,2.304433333
1391,23:11,1.399650000,2.304850000
1392,23:12,1.396100000,2.306666667
1393,23:13,1.395283333,2.305733333
1394,23:14,1.391750000,2.298066667
1395,23:15,1.389966667,2.295683333
1396,23:16,1.389583333,2.290366667
1397,23:17,1.382216667,2.286183333
1398,23:18,1.378783333,2.278600000
1399,23:19,1.375166667,2.263466667
1400,23:20,1.373516667,2.265516667
1401,23:21,1.372716667,2.259666667
1402,23:22,1.369133333,2.255783333
1403,23:23,1.364416667,2.253683333
1404,23:24,1.362050000,2.251833333
1405,23:25,1.359600000,2.247850000
1406,23:26,1.354366667,2.242083333
1407,23:27,1.351550000,2.236966667
1408,23:28,1.350916667,2.216983333
1409,23:29,1.349200000,2.201750000
1410,23:30,1.347983333,2.195966667
1411,23:31,1.343316667,2.193600000
1412,23:32,1.340350000,2.188133333
1413,23:33,1.336283333,2.182116667
1414,23:34,1.333583333,2.180966667
1415,23:35,1.330183333,2.179383333
1416,23:36,1.327500000,2.176400000
1417,23:37,1.325733333,2.174500000
1418,23:38,1.319666667,2.169850000
1419,23:39,1.317116667,2.169933333
1420,23:40,1.314216667,2.170300000
1421,23:41,1.311750000,2.170700000
1422,23:42,1.308416667,2.169466667
1423,23:43,1.306083333,2.178433333
1424,23:44,1.303516667,2.171766667
1425,23:45,1.298666667,2.158816667
1426,23:46,1.297116667,2.151483333
1427,23:47,1.296600000,2.145533333
1428,23:48,1.291283333,2.135750000
1429,23:49,1.290300000,2.127516667
1430,23:50,1.287766667,2.122916667
1431,23:51,1.283050000,2.117116667
1432,23:52,1.279050000,2.114166667
1433,23:53,1.276233333,2.113266667
1434,23:54,1.272750000,2.112166667
1435,23:55,1.266016667,2.110383333
1436,23:56,1.257033333,2.108500000
1437,23:57,1.250650000,2.105566667
1438,23:58,1.248133333,2.100416667
1439,23:59,1.240766667,2.096083333
